-- --------------------------------------------------------
-- Host:                         127.0.0.1
-- Server version:               11.1.0-MariaDB - mariadb.org binary distribution
-- Server OS:                    Win64
-- HeidiSQL Version:             12.3.0.6589
-- --------------------------------------------------------

/*!40101 SET @OLD_CHARACTER_SET_CLIENT=@@CHARACTER_SET_CLIENT */;
/*!40101 SET NAMES utf8 */;
/*!50503 SET NAMES utf8mb4 */;
/*!40103 SET @OLD_TIME_ZONE=@@TIME_ZONE */;
/*!40103 SET TIME_ZONE='+00:00' */;
/*!40014 SET @OLD_FOREIGN_KEY_CHECKS=@@FOREIGN_KEY_CHECKS, FOREIGN_KEY_CHECKS=0 */;
/*!40101 SET @OLD_SQL_MODE=@@SQL_MODE, SQL_MODE='NO_AUTO_VALUE_ON_ZERO' */;
/*!40111 SET @OLD_SQL_NOTES=@@SQL_NOTES, SQL_NOTES=0 */;


-- Dumping database structure for javacrud
CREATE DATABASE IF NOT EXISTS `javacrud` /*!40100 DEFAULT CHARACTER SET utf8mb4 COLLATE utf8mb4_general_ci */;
USE `javacrud`;

-- Dumping structure for table javacrud.brand_tbl
CREATE TABLE IF NOT EXISTS `brand_tbl` (
  `brand_id` int(11) NOT NULL AUTO_INCREMENT,
  `brands` varchar(50) DEFAULT NULL,
  PRIMARY KEY (`brand_id`),
  UNIQUE KEY `brands` (`brands`)
) ENGINE=InnoDB AUTO_INCREMENT=256 DEFAULT CHARSET=utf8mb4 COLLATE=utf8mb4_general_ci;

-- Dumping data for table javacrud.brand_tbl: ~200 rows (approximately)
INSERT INTO `brand_tbl` (`brand_id`, `brands`) VALUES
	(134, '10.or (Tenor)'),
	(31, 'Acer'),
	(74, 'AGM'),
	(19, 'Alcatel'),
	(180, 'Alcatel Lucent'),
	(50, 'Alcatel Onetouch'),
	(181, 'AllCall'),
	(173, 'Allview'),
	(37, 'Amazon'),
	(172, 'Amgoo'),
	(118, 'Amoi'),
	(182, 'ANEE'),
	(183, 'AOLE'),
	(1, 'Apple'),
	(94, 'Archos'),
	(185, 'Arirang'),
	(184, 'Arise'),
	(186, 'Artemis'),
	(15, 'ASUS'),
	(187, 'Atom'),
	(188, 'Bassoon'),
	(189, 'BBK'),
	(190, 'Benefon'),
	(119, 'BenQ'),
	(191, 'Bic'),
	(43, 'Black Shark'),
	(16, 'BlackBerry'),
	(62, 'Blackview'),
	(145, 'Blaupunkt'),
	(171, 'Blu'),
	(120, 'Blu Products'),
	(70, 'Bluboo'),
	(192, 'Bonnel'),
	(174, 'BQ'),
	(53, 'Casio'),
	(193, 'Casio G\'zOne'),
	(36, 'CAT'),
	(194, 'CCE'),
	(84, 'Celkon'),
	(90, 'Centric'),
	(105, 'Cheers Mobiles'),
	(195, 'Chilli'),
	(143, 'Chuwi'),
	(196, 'Citrus'),
	(197, 'Commodore'),
	(198, 'Commtiva'),
	(199, 'ConCorde'),
	(28, 'Coolpad'),
	(93, 'Coolpad Cool'),
	(91, 'Coolpad Note'),
	(66, 'Cubot'),
	(200, 'CUBOT Note Plus'),
	(33, 'Dell'),
	(65, 'Doogee'),
	(64, 'Elephone'),
	(147, 'Energizer'),
	(175, 'Essential'),
	(46, 'Evercoss'),
	(57, 'Fly'),
	(104, 'Forme Mobiles'),
	(121, 'Fujitsu'),
	(122, 'Garmin-Asus'),
	(47, 'General Mobile'),
	(137, 'Geotel'),
	(148, 'Gfive'),
	(51, 'Gigabyte'),
	(26, 'Gionee'),
	(12, 'Google'),
	(60, 'Google Pixel'),
	(144, 'Gretel'),
	(123, 'Haier'),
	(149, 'Haipai'),
	(106, 'HCL'),
	(44, 'Hisense'),
	(68, 'HOMTOM'),
	(20, 'Honor'),
	(32, 'HP'),
	(11, 'HTC'),
	(4, 'Huawei'),
	(150, 'Huawei Honor'),
	(59, 'i-Mobile'),
	(86, 'iBall'),
	(146, 'iBerry'),
	(107, 'iKall'),
	(141, 'iNew'),
	(25, 'Infinix'),
	(80, 'Intex'),
	(108, 'Itel Mobiles'),
	(151, 'Jivi Mobiles'),
	(38, 'Jolla'),
	(82, 'Karbonn'),
	(109, 'Karbonn Titanium'),
	(95, 'Kodak'),
	(124, 'Kyocera'),
	(56, 'Land Rover'),
	(136, 'Landvo'),
	(81, 'Lava'),
	(73, 'Leagoo'),
	(27, 'LeEco'),
	(98, 'Lemon Mobiles'),
	(14, 'Lenovo'),
	(125, 'Lephone'),
	(152, 'Lephone Mobiles'),
	(179, 'LeTV'),
	(8, 'LG'),
	(153, 'LG Optimus'),
	(154, 'LYF Mobiles'),
	(52, 'Maxwest'),
	(99, 'Maxx Mobiles'),
	(138, 'Maze'),
	(55, 'Meitu'),
	(17, 'Meizu'),
	(92, 'Meizu M'),
	(21, 'Micromax'),
	(34, 'Microsoft'),
	(139, 'Mijue'),
	(110, 'Mitashi'),
	(58, 'Mobiistar'),
	(10, 'Motorola'),
	(155, 'Mtech Mobiles'),
	(126, 'NEC'),
	(9, 'Nokia'),
	(75, 'Nomu'),
	(135, 'Nubia'),
	(127, 'Nvidia'),
	(111, 'Obi Mobiles'),
	(156, 'Obi Worldphone'),
	(13, 'OnePlus'),
	(61, 'OnePlus Nord'),
	(157, 'Onida Mobiles'),
	(5, 'Oppo'),
	(48, 'Oppo Realme'),
	(67, 'Oukitel'),
	(128, 'Palm'),
	(22, 'Panasonic'),
	(87, 'Panasonic Eluga'),
	(158, 'Panasonic P'),
	(54, 'Philips'),
	(96, 'Prestigio'),
	(159, 'Rage Mobiles'),
	(35, 'Razer'),
	(103, 'Reach Mobiles'),
	(23, 'Realme'),
	(41, 'Redmi'),
	(140, 'Runbo'),
	(161, 'S Mobility'),
	(2, 'Samsung'),
	(160, 'Sansui Mobiles'),
	(177, 'Saygus'),
	(29, 'Sharp'),
	(112, 'Sict Mobiles'),
	(178, 'Smartisan'),
	(89, 'Smartron'),
	(129, 'Sonim'),
	(7, 'Sony'),
	(83, 'Spice'),
	(162, 'Spice Coolpad'),
	(85, 'Swipe'),
	(163, 'Swipe Elite'),
	(113, 'Switel Mobiles'),
	(114, 'Tata Docomo'),
	(164, 'TCL Mobiles'),
	(24, 'Tecno'),
	(115, 'Telme Mobiles'),
	(30, 'Toshiba'),
	(42, 'Ulefone'),
	(165, 'UMI'),
	(63, 'Umidigi'),
	(71, 'UMIDIGI Z'),
	(130, 'Unnecto'),
	(131, 'Vargo'),
	(69, 'Vernee'),
	(142, 'Vernee Thor'),
	(39, 'Vertu'),
	(166, 'Viaan Mobiles'),
	(79, 'Videocon'),
	(6, 'Vivo'),
	(49, 'Vivo iQOO'),
	(77, 'Vodafone'),
	(97, 'Wickedleak'),
	(45, 'Wiko'),
	(76, 'Wiley fox'),
	(176, 'Wileyfox'),
	(3, 'Xiaomi'),
	(167, 'Xiaomi Mi'),
	(78, 'Xolo'),
	(88, 'Xolo Era'),
	(132, 'Yezz'),
	(168, 'Yota'),
	(116, 'Yota Devices'),
	(40, 'YotaPhone'),
	(101, 'YU Televentures'),
	(100, 'Zen Mobiles'),
	(133, 'Ziox'),
	(169, 'Zopo'),
	(102, 'Zopo Mobiles'),
	(18, 'ZTE'),
	(170, 'ZTT'),
	(72, 'ZUK'),
	(117, 'Zync Mobiles');

-- Dumping structure for table javacrud.product_tbl
CREATE TABLE IF NOT EXISTS `product_tbl` (
  `id` int(11) NOT NULL AUTO_INCREMENT,
  `pname` varchar(50) DEFAULT NULL,
  `price` int(11) DEFAULT NULL,
  `qty` int(11) DEFAULT NULL,
  `date release` varchar(50) DEFAULT NULL,
  `brand_id` int(11) DEFAULT NULL,
  PRIMARY KEY (`id`),
  KEY `brand_id` (`brand_id`),
  CONSTRAINT `brand_id_fk` FOREIGN KEY (`brand_id`) REFERENCES `brand_tbl` (`brand_id`)
) ENGINE=InnoDB AUTO_INCREMENT=256 DEFAULT CHARSET=utf8mb4 COLLATE=utf8mb4_general_ci;

-- Dumping data for table javacrud.product_tbl: ~220 rows (approximately)
INSERT INTO `product_tbl` (`id`, `pname`, `price`, `qty`, `date release`, `brand_id`) VALUES
	(1, 'iPhone 13 Pro', 70000, 6, '17/11/2021', 1),
	(2, 'Samsung Galaxy S21 Ultra', 60000, 9, '08/02/2021', 2),
	(3, 'Xiaomi Mi 11 Ultra', 55000, 3, '24/04/2021', 3),
	(4, 'Huawei P40 Pro', 45000, 1, '12/03/2020', 4),
	(5, 'Oppo Find X3 Pro', 50000, 5, '27/03/2021', 5),
	(6, 'Vivo X60 Pro+', 45000, 2, '19/02/2021', 6),
	(7, 'Sony Xperia 1 III', 60000, 8, '07/06/2021', 7),
	(8, 'LG Velvet 5G', 30000, 4, '29/05/2020', 8),
	(9, 'Nokia 8.3 5G', 25000, 7, '09/10/2020', 9),
	(10, 'Motorola Edge+', 45000, 1, '03/04/2020', 10),
	(11, 'HTC U12+', 25000, 6, '20/05/2018', 11),
	(12, 'Google Pixel 6 Pro', 65000, 4, '27/10/2021', 12),
	(13, 'OnePlus 9 Pro', 50000, 7, '18/03/2021', 13),
	(14, 'Lenovo Legion Phone Duel 2', 45000, 5, '14/04/2021', 14),
	(15, 'ASUS ROG Phone 5', 50000, 9, '08/03/2021', 15),
	(16, 'BlackBerry KEY2', 30000, 10, '04/06/2018', 16),
	(17, 'Meizu 18 Pro', 40000, 1, '29/03/2021', 17),
	(18, 'ZTE Axon 30 Ultra', 40000, 2, '05/11/2020', 18),
	(19, 'Alcatel 3L (2021)', 8000, 3, '14/07/2019', 19),
	(20, 'Honor 50 Pro', 35000, 8, '16/10/2021', 20),
	(21, 'Micromax In Note 1', 7000, 6, '23/03/2021', 21),
	(22, 'Panasonic Eluga Ray 810', 10000, 3, '20/11/2020', 22),
	(23, 'Realme GT 5G', 30000, 5, '07/07/2019', 23),
	(24, 'Tecno Phantom X', 25000, 10, '01/10/2018', 24),
	(25, 'Infinix Note 10 Pro', 12000, 1, '06/09/2015', 25),
	(26, 'Gionee M12', 10000, 4, '13/09/2014', 26),
	(27, 'LeEco Le Pro3', 8000, 5, '02/04/2020', 27),
	(28, 'Coolpad Cool 10', 10000, 8, '08/05/2018', 28),
	(29, 'Sharp Aquos R6', 15000, 9, '16/06/2018', 29),
	(30, 'Toshiba TG01', 5000, 3, '21/01/2016', 30),
	(31, 'Acer Liquid Jade Primo', 3000, 5, '07/08/2016', 31),
	(32, 'HP Elite x3', 4000, 7, '12/01/2015', 32),
	(33, 'Dell Venue 8 7000', 100000, 1, '29/11/2015', 33),
	(34, 'Microsoft Lumia 950 XL', 18000, 3, '18/10/2018', 34),
	(35, 'Razer Phone 2', 15000, 6, '26/09/2020', 35),
	(36, 'CAT S62 Pro', 5000, 10, '30/07/2019', 36),
	(37, 'Amazon Fire Phone', 8000, 1, '05/01/2016', 37),
	(38, 'Jolla C', 4000, 4, '02/08/2016', 38),
	(39, 'Vertu Signature Touch', 2000, 2, '19/01/2019', 39),
	(40, 'YotaPhone 3', 10000, 9, '14/02/2018', 40),
	(41, 'Redmi Note 10 Pro', 8000, 5, '27/11/2017', 41),
	(42, 'Ulefone Armor 11 5G', 5000, 8, '18/11/2020', 42),
	(43, 'Black Shark 4 Pro', 20000, 1, '09/10/2016', 43),
	(44, 'Hisense A7', 6000, 7, '23/05/2018', 44),
	(45, 'Wiko View5', 4000, 6, '02/06/2021', 45),
	(46, 'Evercoss U50', 10000, 3, '26/07/2016', 46),
	(47, 'General Mobile GM 9 Pro', 3000, 8, '29/08/2017', 47),
	(48, 'Realme Narzo 30 Pro', 2000, 5, '07/03/2016', 48),
	(49, 'Vivo iQOO 7', 2000, 9, '11/06/2017', 49),
	(50, 'Alcatel Onetouch Idol 3', 2000, 2, '09/11/2018', 50),
	(51, 'Gigabyte GSmart Classic Pro', 4000, 10, '15/12/2017', 51),
	(52, 'Maxwest Nitro 5M', 3000, 4, '21/09/2014', 52),
	(53, 'Casio G\'zOne Commando', 5000, 6, '25/04/2018', 53),
	(54, 'Philips Xenium X596', 4000, 9, '13/07/2016', 54),
	(55, 'Meitu T9', 3000, 2, '27/08/2017', 55),
	(56, 'Land Rover Explore', 4000, 6, '08/09/2015', 56),
	(57, 'Fly FS508 Cirrus 3', 5000, 3, '11/04/2018', 57),
	(58, 'Mobiistar X1 Notch', 3000, 5, '02/12/2014', 58),
	(59, 'i-Mobile i-Style 7.2', 5000, 7, '16/01/2019', 59),
	(60, 'Google Pixel 6', 4000, 4, '22/02/2018', 60),
	(61, 'OnePlus Nord CE 5G', 5000, 1, '01/11/2019', 61),
	(62, 'Blackview BV9900 Pro', 4000, 5, '03/04/2017', 62),
	(63, 'Umidigi A11 Pro', 3000, 2, '22/04/2017', 63),
	(64, 'Elephone U Pro', 2000, 9, '09/02/2010', 64),
	(65, 'Doogee S96 Pro', 2000, 7, '23/07/2016', 65),
	(66, 'Cubot KingKong 3', 2000, 8, '17/08/2016', 66),
	(67, 'Oukitel WP10 5G', 4000, 2, '03/10/2015', 67),
	(68, 'HOMTOM HT20', 3000, 6, '19/09/2017', 68),
	(69, 'Vernee Apollo X', 3000, 10, '12/03/2019', 69),
	(70, 'Bluboo S3', 3000, 6, '30/12/2013', 70),
	(71, 'UMIDIGI Z2', 4000, 3, '11/01/2019', 71),
	(72, 'ZUK Z2 Pro', 3000, 8, '14/02/2017', 72),
	(73, 'Leagoo M13', 2000, 2, '21/06/2018', 73),
	(74, 'AGM X3', 3000, 6, '07/11/2018', 74),
	(75, 'Nomu S50 Pro', 2000, 4, '02/12/2016', 75),
	(76, 'Wileyfox Pro', 3000, 1, '02/07/2019', 76),
	(77, 'Vodafone Smart Ultra 6', 4000, 9, '26/11/2020', 77),
	(78, 'Xolo Era 4X', 3000, 2, '13/01/2017', 78),
	(79, 'Videocon Cube 3', 2000, 8, '18/02/2017', 79),
	(80, 'Intex Aqua Lions 3', 4000, 5, '19/11/2018', 80),
	(81, 'Lava Z2', 3000, 4, '21/10/2018', 81),
	(82, 'Karbonn K9 Viraat', 4000, 2, '30/05/2020', 82),
	(83, 'Spice F311', 3000, 7, '05/06/2021', 83),
	(84, 'Celkon Campus A35K', 2000, 9, '23/01/2016', 84),
	(85, 'Swipe Elite Plus', 3000, 7, '08/04/2018', 85),
	(86, 'iBall Andi 5Q Cobalt Solus', 4000, 3, '10/12/2017', 86),
	(87, 'Panasonic Eluga Ray 530', 3000, 4, '26/07/2016', 87),
	(88, 'Xolo Era 2X', 2000, 7, '04/08/2016', 88),
	(89, 'Smartron t.phone P', 4000, 9, '15/05/2016', 89),
	(90, 'Centric S1', 3000, 10, '10/09/2018', 90),
	(91, 'Coolpad Note 8', 5000, 7, '28/06/2021', 91),
	(92, 'Meizu M8', 4000, 8, '30/01/2017', 92),
	(93, 'Coolpad Cool S', 5000, 10, '14/10/2016', 93),
	(94, 'Archos Oxygen 68XL', 4000, 3, '07/04/2019', 94),
	(95, 'Kodak Ektra', 2000, 4, '09/12/2016', 95),
	(96, 'Prestigio MultiPhone 5508 Duo', 4000, 1, '07/07/2019', 96),
	(97, 'Wickedleak Wammy Titan 5', 3000, 10, '03/11/2018', 97),
	(98, 'Lemon Mobiles Ocean 11', 3000, 10, '19/08/2018', 98),
	(99, 'Maxx Mobiles MX220', 4000, 4, '29/10/2014', 99),
	(100, 'Zen Mobiles Admire Star', 5000, 9, '25/03/2021', 100),
	(101, 'YU Televentures Yureka', 3000, 3, '09/06/2016', 101),
	(102, 'Zopo Mobiles Flash X Plus', 5000, 1, '21/04/2016', 102),
	(103, 'Reach Mobiles Allure Rise', 4000, 6, '15/07/2019', 103),
	(104, 'Forme Mobiles V9', 3000, 2, '10/11/2020', 104),
	(105, 'Cheers Mobiles C1', 4000, 7, '28/01/2021', 105),
	(106, 'HCL ME Connect 3G 2.0', 3000, 10, '22/10/2017', 106),
	(107, 'iKall K8', 3000, 5, '17/05/2016', 107),
	(108, 'Itel Mobiles A44 Power', 2000, 3, '23/09/2018', 108),
	(109, 'Karbonn Titanium S5 Plus', 2000, 2, '12/08/2017', 109),
	(110, 'Mitashi Play Thunderbolt', 2000, 8, '18/10/2018', 110),
	(111, 'Obi Mobiles Worldphone SF1', 3000, 1, '23/05/2016', 111),
	(112, 'Sict Mobiles T2 Spike', 3000, 6, '25/10/2016', 112),
	(113, 'Switel Mobiles eSmart M3', 4000, 4, '05/06/2017', 113),
	(114, 'Tata Docomo Rase Bolt', 3000, 9, '08/08/2017', 114),
	(115, 'Telme Mobiles C140', 5000, 5, '17/05/2016', 115),
	(116, 'Yota Devices YotaPhone 2', 4000, 2, '26/09/2018', 116),
	(117, 'Zync Mobiles Cloud Z401', 5000, 9, '18/06/2017', 117),
	(118, 'Amoi A928W', 3000, 7, '26/08/2017', 118),
	(119, 'BenQ F3', 2000, 5, '17/05/2016', 119),
	(120, 'Blu Products Life One X3', 4000, 1, '08/09/2018', 120),
	(121, 'Fujitsu Arrows NX F-01K', 2000, 8, '16/06/2017', 121),
	(122, 'Garmin-Asus N?vifone M10', 5000, 3, '26/08/2017', 122),
	(123, 'Haier Voyage V6', 3000, 1, '17/05/2016', 123),
	(124, 'Kyocera DuraForce Pro', 2000, 6, '08/09/2018', 124),
	(125, 'Lephone W15', 3000, 3, '16/06/2017', 125),
	(126, 'NEC Terrain', 4000, 5, '26/08/2017', 126),
	(127, 'Nvidia Shield Tablet', 3000, 2, '17/05/2016', 127),
	(128, 'Palm Phone', 2000, 9, '08/09/2018', 128),
	(129, 'Sonim XP8', 2000, 1, '16/06/2017', 129),
	(130, 'Unnecto Quattro S', 3000, 7, '26/08/2017', 130),
	(131, 'Vargo VX3', 4000, 10, '17/05/2016', 131),
	(132, 'Yezz Billy 4.7', 3000, 5, '08/09/2018', 132),
	(133, 'Ziox Astra Star', 2000, 3, '16/06/2017', 133),
	(134, '10.or (Tenor) G2', 3000, 8, '26/08/2017', 134),
	(135, 'Nubia Red Magic 6', 2000, 1, '17/05/2016', 135),
	(136, 'Landvo V1', 2000, 6, '08/09/2018', 136),
	(137, 'Geotel Note', 3000, 4, '16/06/2017', 137),
	(138, 'Maze Alpha X', 4000, 1, '26/08/2017', 138),
	(139, 'Mijue M9', 3000, 6, '17/05/2016', 139),
	(140, 'Runbo F1', 4000, 3, '08/09/2018', 140),
	(141, 'iNew U9 Plus', 2000, 5, '16/06/2017', 141),
	(142, 'Vernee Thor Plus', 3000, 10, '26/08/2017', 142),
	(143, 'Chuwi Hi9 Plus', 4000, 9, '17/05/2016', 143),
	(144, 'Gretel A7', 3000, 5, '08/09/2018', 144),
	(145, 'Blaupunkt SL Plus 01', 2000, 3, '16/06/2017', 145),
	(146, 'iBerry Auxus Prime P8000', 3000, 6, '26/08/2017', 146),
	(147, 'Energizer Power Max P16K Pro', 2000, 10, '17/05/2016', 147),
	(148, 'Gfive President Tango 7', 3000, 2, '08/09/2018', 148),
	(149, 'Haipai I9389', 2000, 8, '16/06/2017', 149),
	(150, 'Huawei Honor 10', 2000, 5, '26/08/2017', 150),
	(151, 'Jivi Mobiles N3720', 3000, 4, '17/05/2016', 151),
	(152, 'Lephone Mobiles W7', 4000, 7, '08/09/2018', 152),
	(153, 'LG Optimus L7 II', 3000, 2, '16/06/2017', 153),
	(154, 'LYF Mobiles Earth 2', 2000, 5, '26/08/2017', 154),
	(155, 'Mtech Mobiles Turbo L9', 3000, 7, '17/05/2016', 155),
	(156, 'Obi Worldphone SF1', 4000, 2, '08/09/2018', 156),
	(157, 'Onida Mobiles i4G1', 3000, 6, '16/06/2017', 157),
	(158, 'Panasonic P85 NXT', 2000, 4, '26/08/2017', 158),
	(159, 'Rage Mobiles Supremo 4.5 3G', 2000, 10, '17/05/2016', 159),
	(160, 'Sansui Mobiles Horizon 2', 3000, 10, '08/09/2018', 160),
	(161, 'S Mobility Smart Flo Mettle 4X', 4000, 4, '16/06/2017', 161),
	(162, 'Spice Coolpad Note 5', 3000, 6, '26/08/2017', 162),
	(163, 'Swipe Elite Note', 4000, 2, '17/05/2016', 163),
	(164, 'TCL Mobiles 562', 2000, 7, '08/09/2018', 164),
	(165, 'UMI Super', 3000, 6, '16/06/2017', 165),
	(166, 'Viaan Mobiles Empower', 4000, 3, '26/08/2017', 166),
	(167, 'Xiaomi Mi 11', 2000, 5, '17/05/2016', 167),
	(168, 'Yota YotaPhone 3+', 2000, 7, '08/09/2018', 168),
	(169, 'Zopo Color C5', 3000, 4, '16/06/2017', 169),
	(170, 'ZTT 1688', 4000, 10, '26/08/2017', 170),
	(171, 'Blu Studio View XL', 3000, 4, '17/05/2016', 171),
	(172, 'Amgoo AM523', 2000, 6, '08/09/2018', 172),
	(173, 'Allview X3 Soul Pro', 3000, 2, '16/06/2017', 173),
	(174, 'BQ Aquaris X Pro', 4000, 7, '26/08/2017', 174),
	(175, 'Essential Phone PH-1', 3000, 6, '17/05/2016', 175),
	(176, 'Wileyfox Swift 2X', 2000, 3, '08/09/2018', 176),
	(177, 'Saygus V2', 2000, 5, '16/06/2017', 177),
	(178, 'Smartisan Nut R1', 3000, 7, '26/08/2017', 178),
	(179, 'LeTV LeEco Le Max 2', 3000, 4, '17/05/2016', 179),
	(180, 'Alcatel-Lucent Idol 4S', 4000, 10, '08/09/2018', 180),
	(181, 'AllCall Rio', 2000, 4, '16/06/2017', 181),
	(182, 'ANEE A1', 3000, 6, '26/08/2017', 182),
	(183, 'AOLE P1', 4000, 2, '17/05/2016', 183),
	(184, 'Arise T1', 3000, 7, '08/09/2018', 184),
	(185, 'Arirang AS1201', 2000, 6, '16/06/2017', 185),
	(186, 'Artemis Prime 2', 2000, 3, '26/08/2017', 186),
	(187, 'Atom Mobiles Titan', 2000, 5, '17/05/2016', 187),
	(188, 'Bassoon P10', 3000, 7, '08/09/2018', 188),
	(189, 'BBK Vivo S1 Pro', 4000, 4, '16/06/2017', 189),
	(190, 'Benefon Q', 3000, 10, '26/08/2017', 190),
	(191, 'Bic J39', 4000, 6, '17/05/2016', 191),
	(192, 'Bonnel D200', 2000, 2, '08/09/2018', 192),
	(193, 'Casio G\'zOne Commando C811', 4000, 7, '16/06/2017', 193),
	(194, 'CCE Sk352', 3000, 6, '26/08/2017', 194),
	(195, 'Chilli B65', 2000, 3, '17/05/2016', 195),
	(196, 'Citrus Joy', 3000, 5, '08/09/2018', 196),
	(197, 'Commodore PET', 4000, 7, '16/06/2017', 197),
	(198, 'Commtiva N700', 3000, 4, '26/08/2017', 198),
	(199, 'ConCorde C6 Plus', 2000, 10, '17/05/2016', 199),
	(200, 'CUBOT Note Plus', 3000, 4, '08/09/2018', 200),
	(201, 'Google Pixel 6', 4000, 4, '22/02/2018', 60),
	(202, 'Samsung Galaxy S21 Ultra', 60000, 9, '08/02/2021', 2),
	(203, 'Alcatel 3L (2021)', 8000, 3, '14/07/2019', 19),
	(204, 'Huawei Honor 10', 2000, 5, '26/08/2017', 150),
	(205, 'UMIDIGI Z2', 4000, 3, '11/01/2019', 71),
	(206, 'Meizu M8', 4000, 8, '30/01/2017', 92),
	(207, 'Xiaomi Mi 11', 2000, 5, '17/05/2016', 167),
	(208, 'Evercoss U50', 10000, 3, '26/07/2016', 46),
	(209, 'Razer Phone 2', 15000, 6, '26/09/2020', 35),
	(210, 'OnePlus Nord CE 5G', 5000, 1, '01/11/2019', 61),
	(211, 'YotaPhone 3', 10000, 9, '14/02/2018', 40),
	(212, 'Honor 50 Pro', 35000, 8, '16/10/2021', 20),
	(213, 'iPhone 13 Pro', 70000, 6, '17/11/2021', 1),
	(214, 'Vargo VX3', 4000, 10, '17/05/2016', 131),
	(215, 'LG Optimus L7 II', 3000, 2, '16/06/2017', 153),
	(216, 'ASUS ROG Phone 5', 50000, 9, '08/03/2021', 15),
	(217, 'ANEE A1', 3000, 6, '26/08/2017', 182),
	(218, 'iPhone 13 Pro', 70000, 6, '17/11/2021', 1),
	(219, 'Meizu M8', 4000, 8, '30/01/2017', 92),
	(220, 'Gretel A7', 3000, 5, '08/09/2018', 144);

-- Dumping structure for table javacrud.user_tbl
CREATE TABLE IF NOT EXISTS `user_tbl` (
  `id` int(11) NOT NULL,
  `username` varchar(150) DEFAULT NULL,
  `password` varchar(150) DEFAULT NULL,
  PRIMARY KEY (`id`)
) ENGINE=InnoDB DEFAULT CHARSET=utf8mb4 COLLATE=utf8mb4_general_ci;

-- Dumping data for table javacrud.user_tbl: ~2 rows (approximately)
INSERT INTO `user_tbl` (`id`, `username`, `password`) VALUES
	(1, 'admin', 'admin'),
	(2, 'cyrel', '2-4');

/*!40103 SET TIME_ZONE=IFNULL(@OLD_TIME_ZONE, 'system') */;
/*!40101 SET SQL_MODE=IFNULL(@OLD_SQL_MODE, '') */;
/*!40014 SET FOREIGN_KEY_CHECKS=IFNULL(@OLD_FOREIGN_KEY_CHECKS, 1) */;
/*!40101 SET CHARACTER_SET_CLIENT=@OLD_CHARACTER_SET_CLIENT */;
/*!40111 SET SQL_NOTES=IFNULL(@OLD_SQL_NOTES, 1) */;
